<?xml version="1.0" ?>
<LOG_ROOT>
	<PROJECT NAME="Proyecto5">
		<CBX_INST_ENTRY INSTANCE_NAME="|Pong|CorazonNe:inst1|altsyncram:altsyncram_component" CBX_FILE_NAME="altsyncram_t7a1.tdf"/>
		<CBX_INST_ENTRY INSTANCE_NAME="|Pong|address:inst29|lpm_mult:Mult0|multcore:mult_core|mpar_add:padder|lpm_add_sub:adder[0]" CBX_FILE_NAME="add_sub_v4h.tdf"/>
		<CBX_INST_ENTRY INSTANCE_NAME="|Pong|loser:inst12|altsyncram:altsyncram_component" CBX_FILE_NAME="altsyncram_vj81.tdf"/>
		<CBX_INST_ENTRY INSTANCE_NAME="|Pong|Mapear:inst|lpm_mult:Mult1" CBX_FILE_NAME="mult_b1t.tdf"/>
		<CBX_INST_ENTRY INSTANCE_NAME="|Pong|Movimiento:inst21|lpm_add_sub:Add6" CBX_FILE_NAME="add_sub_3ri.tdf"/>
		<CBX_INST_ENTRY INSTANCE_NAME="|Pong|address:inst29|lpm_mult:Mult1|multcore:mult_core|mpar_add:padder|lpm_add_sub:adder[0]" CBX_FILE_NAME="add_sub_05h.tdf"/>
		<CBX_INST_ENTRY INSTANCE_NAME="|Pong|trofeo:inst2|altsyncram:altsyncram_component" CBX_FILE_NAME="altsyncram_uq81.tdf"/>
		<CBX_INST_ENTRY INSTANCE_NAME="|Pong|address:inst29|lpm_mult:Mult0|multcore:mult_core|mpar_add:padder|mpar_add:sub_par_add|lpm_add_sub:adder[0]" CBX_FILE_NAME="add_sub_tfh.tdf"/>
		<CBX_INST_ENTRY INSTANCE_NAME="|Pong|address:inst29|lpm_mult:Mult2|multcore:mult_core|mpar_add:padder|lpm_add_sub:adder[0]" CBX_FILE_NAME="add_sub_05h.tdf"/>
		<CBX_INST_ENTRY INSTANCE_NAME="|Pong|Corazon:inst3|altsyncram:altsyncram_component" CBX_FILE_NAME="altsyncram_9091.tdf"/>
		<CBX_INST_ENTRY INSTANCE_NAME="|Pong|Movimiento:inst21|lpm_add_sub:Add8" CBX_FILE_NAME="add_sub_3ri.tdf"/>
		<CBX_INST_ENTRY INSTANCE_NAME="|Pong|address:inst29|lpm_mult:Mult1|multcore:mult_core|mpar_add:padder|mpar_add:sub_par_add|lpm_add_sub:adder[0]" CBX_FILE_NAME="add_sub_ufh.tdf"/>
		<CBX_INST_ENTRY INSTANCE_NAME="|Pong|reloj:inst4|lpm_divide:Mod0" CBX_FILE_NAME="lpm_divide_68m.tdf"/>
		<CBX_INST_ENTRY INSTANCE_NAME="|Pong|Mapear:inst|lpm_mult:Mult0" CBX_FILE_NAME="mult_b1t.tdf"/>
		<CBX_INST_ENTRY INSTANCE_NAME="|Pong|address:inst29|lpm_mult:Mult2|multcore:mult_core|mpar_add:padder|mpar_add:sub_par_add|lpm_add_sub:adder[0]" CBX_FILE_NAME="add_sub_ufh.tdf"/>
		<CBX_INST_ENTRY INSTANCE_NAME="|Pong|calavera:inst14|altsyncram:altsyncram_component" CBX_FILE_NAME="altsyncram_u591.tdf"/>
		<CBX_INST_ENTRY INSTANCE_NAME="|Pong|winner:inst9|altsyncram:altsyncram_component" CBX_FILE_NAME="altsyncram_1r81.tdf"/>
	</PROJECT>
</LOG_ROOT>
